image_name,positioning,exposure,collimation,sharpness,label,laplacian_var,hist_mean,hist_std,pct_pixels_near_0,pct_pixels_near_255,entropy,edge_density,symmetry_score,EI_proxy,EIT_in_use,DI_proxy,EI_ocr,DI_ocr,tail_le_10,tail_le_20,tail_le_30,clip_le_3,p10,p25,p50,p75,p90
1.2.410.200028.100.3.20190920.1208500638.12380.1.5.png,1,0,1,1,1,16.667770693623577,63.025054931640625,50.684268951416016,0.2769447565078735,8.543253352399915e-05,6.20564098378899,3.5202124543494246,0.866289347410202,191.97494506835935,170.64545440673828,0.5114982780623465,,,0.10976604149746755,0.12940348963172124,0.15725178818359997,0.09870067249421932,5.0,49.0,81.0,112.0,133.0
1.2.410.200028.100.3.20190924.1430080534.21770.1.1.png,1,1,1,1,1,28.867712485938245,80.02818298339844,59.15164566040039,0.2761314213275909,0.0012479200959205,6.130694962521574,0.4060577332353055,0.8911915346980095,174.97181701660156,170.64545440673828,0.10873377644052858,,,0.13451609900199885,0.1411503666532066,0.1514837788494436,0.1304638502529839,0.0,71.0,110.0,133.0,150.0
1.2.410.200028.100.3.20190925.1056080334.32610.1.2.png,1,1,1,0,1,7.712766935413784,98.3055419921875,65.4464111328125,0.2282519340515136,0.0017512185731902,6.526453923844354,3.580254784257086,0.8812549114227295,156.6944580078125,170.64545440673828,-0.37041087635574843,,,0.087715341021231,0.09402754673358334,0.10123054529562692,0.08456893027321172,29.0,92.0,127.0,157.0,173.0
1.2.410.200028.100.3.20190925.1427530769.8563.2.1.png,1,1,1,0,1,11.693458514222485,70.57164764404297,52.063682556152344,0.2475605905055999,5.033178604207933e-05,6.333051322598381,1.510376401236954,0.8989076390862465,184.42835235595703,170.64545440673828,0.3373296219126741,,,0.07256723449517521,0.09092182794497085,0.1164644030139357,0.06444048085697449,24.0,58.0,85.0,116.0,143.0
1.2.410.200028.100.3.20190926.1008510164.10580.1.2.png,0,1,1,1,1,11.030019979895624,60.93626403808594,58.46445083618164,0.3879337608814239,3.930480488634203e-06,5.469457806705448,0.8212256667524226,0.8744763731956482,194.0637359619141,170.64545440673828,0.5584966363393095,,,0.2606360104726545,0.2779349904611274,0.3063980256544292,0.2536764870141765,0.0,0.0,73.0,116.0,140.0
1.2.410.200028.100.3.20190927.1023440667.730.1.1.png,1,1,1,1,1,29.74933568289783,62.64665222167969,45.8987922668457,0.228883221745491,3.628427748481045e-06,6.3451908787380535,1.9340229765247312,0.8815507739782333,192.3533477783203,170.64545440673828,0.5200502512079781,,,0.08037796921155424,0.10399872629383969,0.1436016102696166,0.0666974788140724,19.0,47.0,69.0,94.0,116.0
1.2.410.200028.100.3.20190927.1032580692.2539.1.1.png,1,1,1,1,1,24.59317226908012,84.86212158203125,60.1657829284668,0.2374208122491836,8.552768122171983e-06,6.498542078504764,0.6170783226207754,0.892692506313324,170.13787841796875,170.64545440673828,-0.01293711240221035,,,0.13127206835115,0.13670209750566895,0.1447979429867185,0.1271151198574668,0.0,69.0,103.0,132.0,159.0
1.2.410.200028.100.3.20191003.1208190245.10162.1.1.png,1,1,1,1,1,20.67062245360166,82.87278747558594,53.94903564453125,0.2055517733097076,1.4790238083151053e-06,6.434205576865531,1.25380109140131,0.908565104007721,172.12721252441406,170.64545440673828,0.037548115392936995,,,0.05961244422254813,0.07125298606560503,0.08931996870337433,0.05351699875992322,35.0,69.0,97.0,120.0,136.0
1.2.410.200028.100.3.20191003.1216560845.11850.1.1LOL.png,1,1,1,1,1,24.81953170581337,95.2078094482422,58.49358367919922,0.1691842526197433,5.926669018663233e-06,6.86895296105064,0.4955872829903351,0.8940505310893059,159.7921905517578,170.64545440673828,-0.28539173758358377,,,0.029461561870400704,0.039346324108611046,0.054497274441883715,0.025284963539431965,51.0,82.0,114.0,144.0,160.0
1.2.410.200028.100.3.20191003.841320075.2414.1.1LOL.png,1,0,1,0,0,15.09282532499331,58.29351043701172,47.81344985961914,0.3028082251548767,8.045946742640808e-05,5.945089714219151,2.170371291014705,0.902960292994976,196.70648956298828,170.64545440673828,0.6172396382138657,,,0.13862769657683982,0.16943934099123903,0.20705955230146053,0.12194292552350526,0.0,40.0,81.0,106.0,123.0
1.2.410.200028.100.3.20191004.1302360111.8032.1.1.png,1,1,0,1,1,90.84089128359057,101.35608673095705,52.821800231933594,0.1156202778220176,2.4222761567216367e-05,7.060140632128483,1.1658259050199151,0.8621356338262558,153.64391326904297,170.64545440673828,-0.4557936418856592,,,0.042239852460767724,0.04986796063371399,0.05967279726662581,0.03639975784973564,53.0,89.0,120.0,144.0,162.0
1.2.410.200028.100.3.20191009.1251210348.7534.1.1.png,1,1,0,0,0,32.01720071584242,100.5050048828125,54.70798873901367,0.0960939303040504,0.0001925174001371,7.334894490504521,1.3143290909244207,0.796782448887825,154.4949951171875,170.64545440673828,-0.43180309215974155,,,0.006073907115183615,0.013123590769856407,0.025250275980667772,0.002768724770372834,57.0,84.0,115.0,146.0,172.0
1.2.410.200028.100.3.20191011.954090168.12818.1.1.png,1,1,1,0,0,26.000882416557104,85.81130981445312,49.43528366088867,0.1443968713283538,2.4557888536946848e-05,7.086367997989982,2.339223016494481,0.8906257152557373,169.18869018554688,170.64545440673828,-0.03723395944945256,,,0.013493205646245733,0.01919148342932917,0.03121483857440967,0.010915753087070256,56.0,79.0,103.0,125.0,144.0
1.2.410.200028.100.3.20191015.1022490480.139.1.1.png,1,0,1,0,0,46.992400940460385,84.01648712158203,62.49862289428711,0.2182447016239166,0.0031902594491839,6.79495439035842,6.287633782070405,0.834909126162529,170.98351287841797,170.64545440673828,0.008595112873433975,,,0.05374225158463833,0.0713720812360179,0.09966617729306487,0.04774014261744967,31.0,63.0,100.0,136.0,167.0
1.2.410.200028.100.3.20191015.1243280240.27697.1.1.png,0,1,1,1,1,26.699353643200492,84.78570556640625,56.59905624389648,0.2138475626707077,5.053908353147563e-06,6.573211638599904,2.3461467188471907,0.8664371222257614,170.21429443359375,170.64545440673828,-0.010986952707646394,,,0.11556243926141885,0.1257385811467444,0.13996294946550047,0.10921424522189828,0.0,68.0,108.0,134.0,155.0
1.2.410.200028.100.3.20191015.1244090410.27831.1.3.png,1,1,0,1,1,25.49141195608168,90.36859130859376,58.565948486328125,0.2063725888729095,1.114451606554212e-05,6.633019878598361,1.6805256064690026,0.8563460260629654,164.63140869140625,170.64545440673828,-0.1558202988265619,,,0.0779055312601231,0.08752348558471007,0.09860422740524781,0.07187257045675413,32.0,82.0,117.0,142.0,162.0
1.2.410.200028.100.3.20191017.1001280545.3192.1.2.png,1,0,0,1,0,84.90722816161284,84.18023681640625,40.21110153198242,0.0527299381792545,1.006002912617987e-05,7.159384184987259,2.4442851935312833,0.8686190247535706,170.81976318359375,170.64545440673828,0.004433912598497645,,,0.009707274816648069,0.02429592211252488,0.05179986742636108,0.005102328544102923,44.0,66.0,89.0,114.0,135.0
1.2.410.200028.100.3.20191017.1511060391.31092.1.1.png,1,1,1,1,1,26.63747720362837,74.45854187011719,50.95516586303711,0.2000551372766494,0.003185719018802,6.604342121722128,2.5462627751149896,0.8430333882570267,180.5414581298828,170.64545440673828,0.24482221499585416,,,0.035421818618754757,0.048270806802911695,0.0650031403623931,0.02815254867824062,43.0,68.0,94.0,120.0,141.0
1.2.410.200028.100.3.20191017.1516210473.32120.1.4.png,1,1,1,1,1,28.095945290437697,89.19681549072266,57.605655670166016,0.1717693209648132,0.009464144706726,6.893052221482079,3.5247434867582026,0.8273707628250122,165.80318450927734,170.64545440673828,-0.12501856587320018,,,0.01813147692306034,0.026679789170377135,0.03982349298267646,0.01308603234884013,52.0,79.0,108.0,134.0,156.0
1.2.410.200028.100.3.20191017.947060986.377.1.1.png,1,0,1,0,0,46.08888906572013,118.5183563232422,61.91354751586914,0.1085740849375724,0.0052247196435928,7.3151854412870945,5.3690572331460675,0.7812273353338242,136.4816436767578,170.64545440673828,-0.9702048003241003,,,0.07447267339771729,0.08086753731343284,0.08906826163301142,0.07123408691834943,40.0,88.0,129.0,170.0,196.0
1.2.410.200028.100.3.20191018.1011190503.25124.1.1.png,1,1,1,1,1,55.446377574974335,66.93896484375,53.544883728027344,0.2566688358783722,0.0023477843496948,6.356794402685359,1.0252747419597974,0.8832653388381004,188.06103515625,170.64545440673828,0.4220409810774895,,,0.08644793933670047,0.11325458419450946,0.14899008563854785,0.07673554554842281,16.0,52.0,84.0,108.0,124.0
1.2.410.200028.100.3.20191021.1232400691.14521.1.1.png,1,1,1,1,1,35.2296075850674,102.59657287597656,72.7173080444336,0.2493987083435058,0.0015347035368904,6.557398199326807,1.1748412554426706,0.8622618019580841,152.40342712402344,170.64545440673828,-0.4909999101228162,,,0.19030268059604794,0.19670007288629737,0.2048734612892776,0.18660491577583416,0.0,59.0,126.0,164.0,189.0
1.2.410.200028.100.3.20191023.1302550908.27685.1.3.png,1,0,1,0,0,26.95842492169885,118.77783966064452,69.56424713134766,0.1399905532598495,0.0061472370289266,7.286422233700492,0.3517617406178727,0.8591319918632507,136.22216033935547,170.64545440673828,-0.9784696073367101,,,0.0011761013929381277,0.0031669096209912535,0.00781300615484289,0.00045229996760609006,70.0,102.0,136.0,173.0,205.0
1.2.410.200028.100.3.20191023.1318110714.30676.1.1.png,1,0,1,0,0,209.70500725039113,78.21578216552734,51.26247024536133,0.1548453569412231,0.0091039407998323,6.877999142226009,5.544434783197098,0.8606042861938477,176.78421783447266,170.64545440673828,0.153487671849231,,,0.05315570087837415,0.07021790486469899,0.09813963865057887,0.04559767977305655,31.0,62.0,88.0,115.0,135.0
1.2.410.200028.100.3.20191023.1349110663.3982.1.1.png,0,0,0,0,0,129.92099697835687,108.2922592163086,71.04501342773438,0.1193135827779769,0.0308839492499828,7.552661439726765,9.846462962962963,0.7991409301757812,146.7077407836914,170.64545440673828,-0.6564169493056298,,,0.01583719135802469,0.02324266975308642,0.04248070987654321,0.012216435185185184,47.0,75.0,113.0,149.0,194.0
1.2.410.200028.100.3.20191025.1444520031.22128.1.2.png,1,1,1,1,1,142.81752015824205,67.67953491210938,64.92924499511719,0.4106344580650329,0.0016040264163166,5.375795639175287,3.1157632641821187,0.8959098234772682,187.32046508789065,170.64545440673828,0.4049050321182759,,,0.2911876849458371,0.29775943800180765,0.30589112602535423,0.28800246638366495,0.0,0.0,97.0,130.0,157.0
1.2.410.200028.100.3.20191025.1457330719.24613.1.1.png,1,1,1,0,1,72.80831368794976,72.79640197753906,65.14588928222656,0.3501331210136413,0.0043724500574171,6.349787205288549,2.8028352328690023,0.8801618590950966,182.20359802246097,170.64545440673828,0.28462224663304936,,,0.22450030040591434,0.2317485089608886,0.24403950704122154,0.21175869345408185,0.0,34.0,95.0,134.0,160.0
1.2.410.200028.100.3.20191030.1015550226.3906.1.1.png,1,1,1,0,1,87.46810589401152,84.75209045410156,43.38109588623047,0.0606884807348251,0.0003477726713754,7.250417265106968,1.3283776553582751,0.8371627926826477,170.24790954589844,170.64545440673828,-0.010129362193382153,,,0.01887988568407837,0.038448950176760165,0.06454998430634024,0.009966506426140682,41.0,69.0,97.0,122.0,139.0
1.2.410.200028.100.3.20191105.1006430437.2799.1.1.png,1,1,1,1,1,29.887475244392387,84.38777160644531,54.45887756347656,0.1895604282617569,0.0045849122107028,6.7057451255813705,2.0049396233032324,0.8382363617420197,170.6122283935547,170.64545440673828,-0.0008456878748323665,,,0.045244397046229415,0.05694119928256338,0.0716755807627881,0.03702640834639477,42.0,74.0,101.0,125.0,148.0
1.2.410.200028.100.3.20191106.1223410976.16870.1.3.png,1,1,1,0,1,53.13851619759064,84.4062728881836,49.96791076660156,0.1580442637205124,1.0651930097083095e-05,6.76069203310407,1.7709898246455669,0.8713688254356384,170.5937271118164,170.64545440673828,-0.0013166646819661688,,,0.018911924606343274,0.02443856476305987,0.038180864124071005,0.017042375018575258,50.0,78.0,104.0,126.0,144.0
1.2.410.200028.100.3.20191111.1238330463.21489.1.2.png,1,0,1,1,1,62.38806962806804,109.81100463867188,58.60897445678711,0.0938380062580108,0.0002959280391223,7.42985683772889,1.9630950489683017,0.8716727644205093,145.18899536132812,170.64545440673828,-0.7016102404063983,,,0.03269527919458268,0.038266816701588935,0.039640987284966345,0.005331757520358477,77.0,106.0,131.0,158.0,181.0
1.2.410.200028.100.3.20191111.938440463.19025.1.1.png,1,0,1,1,1,31.61673919882875,79.43006896972656,52.85244369506836,0.1945034712553024,0.0019078616751357,6.6946785030834866,4.414707547169812,0.8898495137691498,175.56993103027344,170.64545440673828,0.12355414344176424,,,0.08319821147798742,0.09355493317610063,0.10670302672955975,0.0759561713836478,25.0,71.0,99.0,120.0,143.0
1.2.410.200028.100.3.20191114.1121240947.843.1.1.png,1,1,0,0,0,179.38141408959828,100.25460052490234,46.88332748413086,0.0137669397518038,0.0177936181426048,7.398252215046597,4.273337803500847,0.8671361953020096,154.74539947509766,170.64545440673828,-0.42476977720122877,,,0.003892592265583613,0.009208899876390605,0.01934266289952322,0.0018982871269645064,54.0,80.0,103.0,125.0,144.0
1.2.410.200028.100.3.20191113.921120448.22826.1.1.png,1,1,1,1,1,62.91667655400417,87.58514404296875,46.61341094970703,0.0782497599720954,0.0001342336763627,7.216760777151675,2.393653491472918,0.867194801568985,167.41485595703125,170.64545440673828,-0.08300730660744153,,,0.012403117687805783,0.026811086601313556,0.05509639726754284,0.005940530798582189,39.0,59.0,82.0,116.0,139.0
1.2.410.200028.100.3.20191114.1123470382.1310.1.3.png,0,1,1,1,1,53.52623463621568,84.84498596191406,48.260887145996094,0.1427231580018997,0.0001398599852109,6.833952763692276,2.1601798018949183,0.7887669801712036,170.15501403808594,170.64545440673828,-0.012499730051173875,,,0.05535123798311763,0.06267946488856792,0.06947759280648254,0.050950509529827756,48.0,79.0,104.0,124.0,140.0
1.2.410.200028.100.3.20191115.1133470126.23271.1.1.png,1,1,1,1,1,147.92916621407028,72.54447174072266,46.94831085205078,0.1768763065338134,8.95843404578045e-05,6.665846437450457,3.6818188604873385,0.8721321523189545,182.45552825927737,170.64545440673828,0.29062302495974607,,,0.0384479026720406,0.056706224809673085,0.08343362815345574,0.031011313877693188,35.0,61.0,85.0,108.0,130.0
1.2.410.200028.100.3.20191115.1352220840.17657.1.1.png,0,1,1,0,0,18.423065834557757,71.25845336914062,60.282073974609375,0.324683278799057,4.3841406295541674e-05,5.970077191189673,1.6745594132545378,0.9028609246015548,183.74154663085935,170.64545440673828,0.32112643510328137,,,0.1773319782384858,0.1914265403446765,0.2099081917180433,0.17006076715579774,0.0,44.0,94.0,129.0,152.0
1.2.410.200028.100.3.20191119.1001540380.19740.1.8.png,1,0,1,1,1,38.94559560639876,73.47689056396484,59.4326171875,0.2074022144079208,0.0333243943750858,6.5864154270796655,3.0363858434819124,0.8022244572639465,181.52310943603516,170.64545440673828,0.2683719808796805,,,0.08660910590462718,0.10631608926530592,0.13994249780907428,0.07795815240350226,18.0,51.0,77.0,103.0,130.0
1.2.410.200028.100.3.20191121.1136330572.12754.1.1.png,1,0,1,1,1,36.25039035802326,107.24100494384766,56.48297500610352,0.1334719955921173,2.3207974209071836e-06,6.92548862162273,1.2524530827614888,0.8662962913513184,147.75899505615234,170.64545440673828,-0.6254079548311013,,,0.01174232451607335,0.016558442421873168,0.023676123625861543,0.00910568067888381,72.0,99.0,126.0,152.0,171.0
1.2.410.200028.100.3.20191122.1142030304.1065.1.1.png,1,1,1,1,1,25.160744293742184,94.07579040527344,53.704872131347656,0.1349636167287826,0.0027125084307044,6.986843308484592,1.2769119537275064,0.8443910926580429,160.92420959472656,170.64545440673828,-0.25473339487242985,,,0.004807747737360927,0.007459076070363325,0.016429780792494807,0.004084386455978086,59.0,86.0,114.0,139.0,157.0
1.2.410.200028.100.3.20191126.1156350921.18385.1.1.png,0,1,1,1,1,25.19928871870282,87.15292358398438,60.11710357666016,0.2238985002040863,1.814223469409626e-05,6.595464845340009,0.659177379224549,0.8645571321249008,167.84707641601562,170.64545440673828,-0.0718094313838162,,,0.07690233236151603,0.08486232588273404,0.09804320537738904,0.07346938775510205,32.0,75.0,106.0,141.0,163.0
1.2.410.200028.100.3.20191127.1038050859.23006.1.1.png,1,0,1,1,1,4.948980684831411,66.76277160644531,51.781253814697266,0.2634535133838653,1.982041567316628e-06,6.1712574564669875,1.3184979409419568,0.8589390814304352,188.2372283935547,170.64545440673828,0.42610795473717383,,,0.10664236001006586,0.12688906196030356,0.1572838814935503,0.09778741316760935,5.0,49.0,80.0,108.0,131.0
1.2.410.200028.100.3.20191127.1148590558.4130.1.1.png,1,1,0,0,0,79.4296230358796,78.45484924316406,45.5810432434082,0.1075329035520553,0.0025884790811687,7.059473772261959,5.138680823646699,0.8514318913221359,176.54515075683594,170.64545440673828,0.1476106891981581,,,0.055064490456571524,0.08618735815256032,0.13121528521619802,0.04166757221347723,24.0,50.0,79.0,105.0,130.0
1.2.410.200028.100.3.20191127.842430426.402.1.2.png,0,1,1,0,0,201.4098705180427,80.47250366210938,65.69166564941406,0.2664534151554107,0.0099975168704986,6.5033157063819935,6.518259973232018,0.8020918369293213,174.52749633789062,170.64545440673828,0.09769134427857797,,,0.12387084931963496,0.14754411375319507,0.17052852110930253,0.11412768857330631,0.0,56.0,95.0,134.0,168.0
1.2.410.200028.100.3.20191129.1212350063.15990.1.1.png,1,0,1,0,0,33.66908899557908,93.02546691894533,67.5658187866211,0.275904893875122,0.0030078529380261,6.196577799970542,0.7915547895500725,0.8671989738941193,161.9745330810547,170.64545440673828,-0.22647987493941824,,,0.1826901117589893,0.19087969711694203,0.19739856656948493,0.17876801911240686,0.0,67.0,121.0,150.0,171.0
1.2.410.200028.100.3.20191129.1244570223.22332.1.1.png,1,1,1,0,1,26.467796739059388,95.13713073730467,57.37569808959961,0.1505072116851806,1.5420901036122814e-05,7.015862251321573,0.4578355017623886,0.8393210619688034,159.8628692626953,170.64545440673828,-0.28347120645441987,,,0.030354713313896987,0.03815476190476191,0.053318553611920956,0.027454648526077097,51.0,81.0,107.0,142.0,166.0
1.2.410.200028.100.3.20191202.1030360753.23246.1.1.png,1,0,1,1,1,28.066004839390388,100.97055053710938,57.50328063964844,0.1434773355722427,0.00013723304437,7.025629276941712,1.069031852581381,0.8238176107406616,154.02944946289062,170.64545440673828,-0.44490961034580784,,,0.027238621639131842,0.03379879332685455,0.04305130385487528,0.02349449303530936,60.0,90.0,118.0,149.0,170.0
1.2.410.200028.100.3.20191203.935100750.32387.1.1.png,1,0,1,0,0,63.94180597919088,79.62715911865234,65.28290557861328,0.2722910046577453,0.0011061270488426,6.5031987049220055,4.235681904943691,0.8550476729869843,175.37284088134766,170.64545440673828,0.11867613027462996,,,0.11195768932386466,0.1320530226174136,0.15519558990272722,0.09940771021065824,4.0,54.0,90.0,132.0,167.0
1.2.410.200028.100.3.20191205.1310060605.16200.1.1.png,1,1,1,1,1,34.292403812390205,88.15425109863281,48.63901138305664,0.1372784525156021,0.0013450603000819,6.798834762381294,1.4741379310344829,0.8852410987019539,166.8457489013672,170.64545440673828,-0.09779578536427053,,,0.00697072154017277,0.008805498092456105,0.01585158580828924,0.006276183248957868,59.0,85.0,109.0,131.0,146.0
1.2.410.200028.100.3.20191206.1359560203.13198.1.1.png,0,0,1,0,0,180.98260015573,85.2894058227539,56.43675231933594,0.1653051674365997,0.0070657744072377,6.950306813887143,5.875256180350967,0.7623769044876099,169.7105941772461,170.64545440673828,-0.02385770205862531,,,0.04129004004004004,0.06004504504504504,0.08589214214214214,0.03351976976976977,35.0,70.0,101.0,128.0,154.0
1.2.410.200028.100.3.20191206.1616340131.7201.1.1.png,1,0,1,1,0,15.146600148682378,87.84210205078125,70.93257904052734,0.3380480110645294,4.535558673524065e-06,5.774213185257655,0.3140906852581381,0.8530241847038269,167.15789794921875,170.64545440673828,-0.08967823037589065,,,0.24615767735665695,0.24821286848072563,0.2503018707482993,0.2443488824101069,0.0,29.0,116.0,152.0,171.0
1.2.410.200028.100.3.20191210.1457400616.6214.1.1.png,1,0,1,0,0,85.32999379716298,104.6838836669922,54.434661865234375,0.0958945304155349,0.0091077666729688,7.36577043942705,4.020533376963351,0.8072172999382019,150.3161163330078,170.64545440673828,-0.5508917766911265,,,0.019481920595984373,0.02489324975015899,0.03185662154386602,0.012546939826171225,61.0,91.0,116.0,141.0,163.0
1.2.410.200028.100.3.20191212.1212110601.13794.1.1.png,1,0,1,0,0,44.13327991657575,119.40350341796876,76.8189926147461,0.231525108218193,0.0049170637503266,6.5567132614383485,0.7194510678001244,0.8494421094655991,135.59649658203125,170.64545440673828,-0.9984625541260259,,,0.13294237933268546,0.1358343456430191,0.13893039358600584,0.13179199060576613,0.0,114.0,152.0,183.0,206.0
1.2.410.200028.100.3.20191213.1121330646.23876.1.1.png,1,0,1,0,0,33.87902929695774,95.3964385986328,62.76093292236328,0.2262671738862991,0.0003122133784927,6.478628707541944,1.961516374312107,0.893444798886776,159.6035614013672,170.64545440673828,-0.29052146195618767,,,0.04257324426970949,0.0491058034567759,0.05759373002328999,0.03844969129357473,54.0,92.0,125.0,150.0,169.0
1.2.410.200028.100.3.20191216.1131480598.20354.1.1.png,0,0,1,1,0,116.20187555481584,78.9269027709961,46.18340301513672,0.1074836254119873,0.002201912458986,7.0711465022162105,3.5486912489481908,0.8809585943818092,176.0730972290039,170.64545440673828,0.13598279609047725,,,0.007386381963035835,0.0156827442896533,0.039369601573259284,0.005975961270610176,43.0,63.0,86.0,113.0,131.0
1.2.410.200028.100.3.20191216.852350196.21926.1.1.png,1,0,1,1,1,19.938068303753905,65.42610168457031,55.766361236572266,0.2945775389671325,2.5917479433701378e-06,6.193178148964456,0.7584769593613934,0.8989091292023659,189.5738983154297,170.64545440673828,0.4568381663292944,,,0.12181446388079041,0.1517316569484937,0.19205903790087464,0.10737913022351799,0.0,43.0,79.0,119.0,147.0
1.2.410.200028.100.3.20191218.1459330005.2760.1.1.png,0,1,1,1,1,12.097227942201885,70.18594360351562,48.015384674072266,0.228734016418457,4.295849066693336e-06,6.268114405674112,1.6186712939097134,0.8910292312502861,184.8140563964844,170.64545440673828,0.34640275075184557,,,0.05937703661107917,0.07442639447958597,0.09427544565842438,0.053493866206632164,33.0,67.0,95.0,111.0,128.0
1.2.410.200028.100.3.20200107.1425520422.2985.2.1.png,1,0,0,1,0,84.5298275632753,150.62232971191406,65.89686584472656,0.0573260001838207,0.0474671423435211,7.550550042705623,1.1160492457852706,0.7892060577869415,104.37767028808594,170.64545440673828,-2.134871250207662,,,1.5595757953836558e-05,0.00010332189644416718,0.0005971875649823248,0.0,88.0,121.0,161.0,206.0,233.0
1.2.410.200028.100.3.20200108.1114120453.18201.1.1.png,1,1,0,1,1,107.75004744921024,105.86660766601562,57.889522552490234,0.122731015086174,0.0045382692478597,7.14525336580162,4.79238768718802,0.8746383190155029,149.13339233398438,170.64545440673828,-0.5851982732790766,,,0.03388655189064706,0.046104022732337865,0.06472726766213506,0.02744340130748087,45.0,78.0,109.0,141.0,166.0
1.2.410.200028.100.3.20200108.1340060250.14020.2.1.png,0,1,0,1,0,137.65199879466434,85.5029067993164,62.587120056152344,0.2690530717372894,0.0033307312987744,6.457636228857594,1.9846094662593223,0.9002646058797836,169.4970932006836,170.64545440673828,-0.02932469539023395,,,0.16807080080586995,0.17047131116094819,0.17539802069334923,0.15996825626489358,0.0,74.0,111.0,138.0,159.0
1.2.410.200028.100.3.20200108.1513460641.32372.1.3.png,1,1,1,1,1,36.32578854807263,75.76127624511719,57.04378890991211,0.2745631039142608,0.0020861725788563,6.168364569805909,1.197750501002004,0.8582644015550613,179.2387237548828,170.64545440673828,0.21337118730905674,,,0.13002765602170738,0.13546023794614903,0.14626695888123564,0.12737215612606972,0.0,68.0,99.0,128.0,149.0
1.2.410.200028.100.3.20200109.1331560377.32421.1.3.png,1,0,1,1,1,14.547977095797574,74.51834106445312,57.85908126831055,0.2281989902257919,6.608956937270705e-06,6.640070240450411,0.4794798362015343,0.8514097481966019,180.48165893554688,170.64545440673828,0.24338350045751858,,,0.06970278587625527,0.10010042112082929,0.14371679624230643,0.0545509394233884,20.0,47.0,81.0,114.0,140.0
1.2.410.200028.100.3.20200110.1213010633.4193.1.1.png,1,1,1,1,1,54.38647782796295,78.91548919677734,59.28001022338867,0.245290607213974,1.3640872566611506e-05,6.5132268465753995,0.3988942625661376,0.8682404905557632,176.08451080322266,170.64545440673828,0.13626430937831585,,,0.07604618909792571,0.09407518434291227,0.11941156708703742,0.06858288539728481,23.0,61.0,97.0,124.0,154.0
1.2.410.200028.100.3.20200110.1526390247.9365.1.1.png,0,1,1,1,1,22.25808298353239,72.27958679199219,53.22164535522461,0.2047668397426605,2.3808956939319614e-06,6.715968703667409,2.029630246898883,0.8623814284801483,182.7204132080078,170.64545440673828,0.296923445041443,,,0.04557575644795117,0.07235057129033459,0.11907495626930664,0.03274358926644088,27.0,51.0,80.0,109.0,140.0
1.2.410.200028.100.3.20200111.1540580686.32172.5.1.png,1,0,0,1,0,90.7005168149556,66.67010498046875,50.36967468261719,0.2213147282600402,0.0014239939628168,6.548371866899876,3.1295677390412715,0.8704099804162979,188.32989501953125,170.64545440673828,0.42824540129734107,,,0.04422894370033325,0.06981683382466035,0.11382097539092541,0.03399218549730838,28.0,51.0,78.0,113.0,135.0
1.2.410.200028.100.3.20200113.1414150347.22417.1.1.png,1,1,1,0,0,66.30800075623644,56.23308181762695,41.65591812133789,0.2551267743110657,3.446828850428574e-05,6.049071191037561,1.403249010909963,0.9145197868347168,198.76691818237305,170.64545440673828,0.6624937998810294,,,0.1009880127364675,0.122312230754823,0.15065496815883125,0.0921339436224012,10.0,47.0,70.0,95.0,112.0
1.2.410.200028.100.3.20200120.1130460894.32095.1.1.png,1,1,1,1,1,57.415737118070254,76.260009765625,68.60858917236328,0.3262313306331634,0.000300642743241,6.142522973773019,0.7653172299398715,0.8329911082983017,178.739990234375,170.64545440673828,0.20127005684682067,,,0.1822932863621639,0.2022365970197603,0.23215095562034338,0.17106474732750243,0.0,36.0,88.0,133.0,171.0
1.2.410.200028.100.3.20200121.1244030565.920.1.1.png,1,0,1,0,0,34.67716190558469,100.06015014648438,54.89115524291992,0.1412304788827896,9.935231355484576e-05,6.932007651542628,0.7403665222438282,0.8996518105268478,154.93984985351562,170.64545440673828,-0.41931593413753104,,,0.05371399678566914,0.06490372055787301,0.0795509567750751,0.04648789208516171,42.0,83.0,113.0,143.0,160.0
1.2.410.200028.100.3.20200124.1110320762.9835.1.1.png,1,1,1,0,1,60.554887929885375,107.55431365966795,58.17928695678711,0.1051364541053772,0.0006399025442078,7.330351736221685,12.931283692722372,0.8519234508275986,147.44568634033203,170.64545440673828,-0.6346265279823864,,,0.007915856818918043,0.014670391966310333,0.02600826044703596,0.005026927437641724,62.0,93.0,125.0,159.0,180.0
1.2.410.200028.100.3.20200127.1447590362.14143.1.1.png,1,1,1,0,1,74.19351471132339,105.11045837402344,58.503875732421875,0.1367109417915344,0.0024138242006301,7.045439356750958,0.8326625025917479,0.8557040244340897,149.88954162597656,170.64545440673828,-0.5632339268908806,,,0.01985685941043084,0.028717403628117914,0.03756357304826693,0.01467302397149336,63.0,94.0,122.0,151.0,169.0
1.2.410.200028.100.3.20200128.921520974.3016.1.3.png,1,0,1,1,1,79.44764340017512,67.81495666503906,53.292964935302734,0.2766242027282715,2.3074895580066368e-05,6.179017664176384,2.029555343785961,0.8970930650830269,187.18504333496097,170.64545440673828,0.4017642012750623,,,0.10471849343800563,0.12552576481692335,0.1583039004914005,0.0946774622460598,7.0,48.0,84.0,117.0,137.0
1.2.410.200028.100.3.20200131.1220190991.32450.1.1.png,1,1,1,1,1,154.8446379519515,70.00265502929688,54.91189193725586,0.2703896164894104,0.0033384899143129,6.253440088062656,2.852479430164559,0.8957277312874794,184.99734497070312,170.64545440673828,0.35070771390888905,,,0.10469412085653955,0.11729589161458555,0.14198305060725877,0.09962949775378031,4.0,54.0,86.0,112.0,134.0
1.2.410.200028.100.3.20200131.1314590255.10393.1.1.png,1,1,1,1,1,92.488303359267,81.67707061767578,68.68123626708984,0.3265506029129028,0.0011498483363538,6.656804463790084,2.795224393290507,0.8665778040885925,173.32292938232422,170.64545440673828,0.06761296378511314,,,0.18950204384986993,0.19747596153846153,0.20536975102192492,0.15667793106651803,0.0,53.0,109.0,146.0,174.0
1.2.410.200028.100.3.20200131.1425020471.24119.1.1.png,1,1,1,1,1,102.77952899822984,84.32131958007812,61.01580047607422,0.2073597759008407,0.002976578194648,7.082798621484888,1.7336545975514457,0.8136907070875168,170.67868041992188,170.64545440673828,0.0008455232287738482,,,0.13448326144163208,0.1373648639483465,0.14289916849787038,0.1163865603212067,1.0,62.0,98.0,141.0,169.0
1.2.410.200028.100.3.20200204.1228530262.15833.9.4.png,0,1,1,1,1,102.53477507989294,78.08480834960938,58.48466873168945,0.2506339251995086,0.0072951009497046,6.4050982493360715,2.276698330454807,0.8829403296113014,176.91519165039062,170.64545440673828,0.1567040305199843,,,0.07376313049545645,0.08907272945319357,0.11037043396730391,0.06597648094545018,26.0,65.0,98.0,126.0,149.0
1.2.410.200028.100.3.20200204.1231190578.16310.9.6.png,1,1,1,1,1,66.6905422592834,71.28286743164062,56.215911865234375,0.2703784704208374,0.0019933909643441,6.3031253385471855,1.9670935237423928,0.858805701136589,183.71713256835935,170.64545440673828,0.3205493420454548,,,0.09678893673428726,0.11405583951054021,0.1379592921049671,0.08911578179787556,13.0,60.0,93.0,121.0,144.0
1.2.410.200028.100.3.20200204.1305550782.23089.1.1.png,1,1,1,1,1,20.98395825877794,79.88118743896484,53.94404983520508,0.211481511592865,1.2702553249255288e-05,6.581136624841758,0.9697637384840144,0.8817184641957283,175.11881256103516,170.64545440673828,0.11238079536477052,,,0.0739509116393169,0.08926537847940685,0.10942379353525593,0.0645020265783445,26.0,66.0,97.0,127.0,148.0
1.2.410.200028.100.3.20200207.1331410356.22608.1.1.png,1,1,1,1,1,25.88523461958829,88.62646484375,56.945098876953125,0.2038671523332595,3.226726403227076e-05,6.5942960577940255,0.713767364710761,0.9129676967859268,166.37353515625,170.64545440673828,-0.11010479452903221,,,0.03605077745383868,0.04475826044703596,0.05689281665046971,0.03123643505021056,48.0,80.0,110.0,136.0,154.0
1.2.410.200028.100.3.20200211.1245590997.28126.1.1.png,1,0,1,1,1,105.1620375696618,69.44265747070312,55.44890594482422,0.3000040352344513,8.898064152162988e-06,6.024747563833324,1.9366841159978976,0.9032195806503296,185.55734252929688,170.64545440673828,0.3638341993064795,,,0.12870530545893036,0.14278938319995935,0.16582560405977365,0.1217129977460556,0.0,53.0,90.0,118.0,143.0
1.2.410.200028.100.3.20200211.1319360583.1944.1.1.png,1,1,1,1,1,19.06555580425071,67.85182189941406,60.218318939208984,0.3677669763565063,2.351819603063632e-06,5.574049640453349,0.8469960991150887,0.8541024327278137,187.1481781005859,170.64545440673828,0.4009087940069856,,,0.2062257000037676,0.21561044163544085,0.23311884449870907,0.19988537860439415,0.0,39.0,91.0,124.0,146.0
1.2.410.200028.100.3.20200211.1529590057.27491.1.4.png,0,1,1,1,1,66.68500585210978,95.46389770507812,69.36417388916016,0.244511216878891,0.004635970108211,6.625618905322994,1.941648532574727,0.7594216465950012,159.53610229492188,170.64545440673828,-0.2923574680345514,,,0.09618234640882119,0.10146967436538828,0.1112286172587466,0.09175066461766257,18.0,77.0,118.0,154.0,180.0
1.2.410.200028.100.3.20200212.1044400635.24358.1.1.png,1,1,0,1,1,62.56088291661924,83.51904296875,49.70832824707031,0.143233448266983,3.778170139412396e-06,6.879468750869722,3.2363653399748524,0.8505997955799103,171.48095703125,170.64545440673828,0.02121174446880328,,,0.02419692068144889,0.035493260120141194,0.05131745409184874,0.01970740280919254,45.0,69.0,90.0,114.0,137.0
1.2.410.200028.100.3.20200212.1221090583.10494.1.2.png,1,1,1,1,1,125.92578048261608,84.61287689208984,61.11071014404297,0.2578575909137726,0.00120191113092,6.367907264812421,2.2632241273957496,0.8876782283186913,170.38712310791016,170.64545440673828,-0.00657954028088684,,,0.10072676525235133,0.10692945195220305,0.11476909340239858,0.09865257828856065,8.0,75.0,107.0,132.0,155.0
1.2.410.200028.100.3.20200212.932050353.10136.1.1.png,0,1,1,1,1,12.190933313271884,80.2764663696289,71.77437591552734,0.3658714890480041,0.0004618494422174,5.794900977654453,0.5053869479577027,0.9022353664040564,174.7235336303711,170.64545440673828,0.10256680152894776,,,0.20452866861030125,0.21183491253644315,0.22320537738905086,0.20025267249757045,0.0,46.0,109.0,151.0,177.0
1.2.410.200028.100.3.20200217.824260838.31355.2.1.png,0,0,0,1,0,23.126103137314228,70.89791870117188,50.64372634887695,0.169624462723732,1.9178933143848553e-05,6.92156946797545,0.526866058469832,0.8404816538095474,184.10208129882812,170.64545440673828,0.3296397410346186,,,0.0441399416909621,0.09117448169744088,0.14310738581146745,0.02230988824101069,22.0,49.0,79.0,108.0,138.0
1.2.410.200028.100.3.20200218.1048110276.13987.1.1.png,1,1,1,1,1,99.378120372789,88.87142181396484,60.639381408691406,0.1159614920616149,0.0001714858663035,7.141439477833455,2.5952217632515224,0.8552147597074509,166.12857818603516,170.64545440673828,-0.11650376015633845,,,0.07750532285793583,0.13012193292071172,0.13381336309491704,0.023021421867506685,12.0,76.0,113.0,149.0,169.0
1.2.410.200028.100.3.20200220.1350290074.24174.3.1.png,1,0,1,1,1,88.30307343387483,86.9589614868164,65.75479888916016,0.1527540981769561,0.0045959786511957,7.394322225765879,4.603128481801782,0.8190446197986603,168.0410385131836,170.64545440673828,-0.06679367321211718,,,0.061259297372046516,0.08879468214295434,0.12245249737878586,0.03726595376554098,25.0,56.0,105.0,144.0,176.0
1.2.410.200028.100.3.20200221.1421230238.17462.1.1.png,1,1,1,1,1,6.600360496947891,91.3018798828125,45.90164566040039,0.0794719904661178,0.0012768479064106,7.26621587301311,2.271359110905302,0.8592971712350845,163.6981201171875,170.64545440673828,-0.18051032113139326,,,0.0040982890099424555,0.010056465484152193,0.017878329764812025,0.0021327520329930505,61.0,79.0,98.0,117.0,138.0
1.2.410.200028.100.3.20200224.1249520449.26769.1.1.png,1,1,0,1,1,46.766541320199,74.78044891357422,49.292335510253906,0.1874204128980636,0.0043314592912793,6.590179208474252,2.66628272336546,0.8813229203224182,180.21955108642575,170.64545440673828,0.23707179373683648,,,0.029228278757156917,0.047965043360167436,0.0780977629926818,0.022729023154393003,37.0,71.0,95.0,113.0,133.0
1.2.410.200028.100.3.20200228.1236550825.5936.1.3.png,1,1,0,1,1,60.23926600729391,91.55189514160156,43.3722038269043,0.077690415084362,6.323351044557057e-06,6.959490976534367,2.337472637136235,0.8704213052988052,163.44810485839844,170.64545440673828,-0.18714834780772366,,,0.005416949548812344,0.011069496836965466,0.02473506494674322,0.003983580096487166,55.0,78.0,97.0,114.0,131.0
1.2.410.200028.100.3.20200310.937190693.15173.2.1.png,1,1,1,1,1,33.43294139529269,93.85018920898438,63.8165168762207,0.2279425412416458,1.5680074284318835e-05,6.585595015589075,0.6698838896952104,0.8709827363491058,161.14981079101562,170.64545440673828,-0.24864924250484946,,,0.10337666018788468,0.10854531098153547,0.11799117265954001,0.10003016682863622,3.0,82.0,116.0,150.0,171.0
1.2.410.200028.100.3.20200317.1246410359.28450.1.1.png,1,1,1,1,1,29.357626425295003,97.91011810302734,60.84653854370117,0.1945052444934845,6.479369858425343e-06,6.65652494641005,0.3460780375285092,0.848947063088417,157.08988189697266,170.64545440673828,-0.35946510997158226,,,0.08140873015873015,0.08571286848072562,0.09522108843537415,0.07925352283770651,34.0,88.0,117.0,144.0,165.0
1.2.410.200028.100.3.20200819.1214030621.9413.1.1.png,1,0,1,1,1,43.630689915753614,61.681251525878906,52.19742202758789,0.311583936214447,5.5990203691180795e-06,5.969061106987397,2.266077587494028,0.8979327529668808,193.3187484741211,170.64545440673828,0.5417925071179716,,,0.16559026840660476,0.19353674756065833,0.22680662032343007,0.15032860904641374,0.0,36.0,80.0,111.0,131.0
1.2.410.200028.100.3.20200824.950150086.15712.1.3.png,1,1,1,1,1,15.904597917680666,69.68569946289062,53.5007209777832,0.2435012906789779,0.0032620448619127,6.447264668299601,1.363091432225064,0.854230985045433,185.31430053710935,170.64545440673828,0.35814210538875957,,,0.10859608307663367,0.1265978819338303,0.14949730465351424,0.09714269758036072,6.0,54.0,84.0,112.0,133.0
1.2.410.200028.100.3.20200828.953160996.30775.1.3.png,1,1,0,1,0,42.32013163414784,74.93749237060547,47.51005172729492,0.1812071055173874,7.250159796967637e-06,6.583842424468888,2.4391711617655587,0.8762305676937103,180.06250762939453,170.64545440673828,0.2332856983997381,,,0.09224528222052975,0.10887084587579637,0.1377925567282003,0.08114293572214365,16.0,56.0,89.0,112.0,129.0
1.2.410.200028.100.3.20200831.1217440061.20784.1.1.png,0,1,1,1,1,139.98314127578251,89.29936981201172,67.53604888916016,0.2359978705644607,0.006697935052216,6.686178808494258,1.4628046170731188,0.7685732841491699,165.70063018798828,170.64545440673828,-0.1277056406685654,,,0.09264736751712688,0.11150749523361779,0.13725168406388946,0.08423979890117325,15.0,64.0,108.0,150.0,176.0
1.2.410.200028.100.3.20200907.1306020656.6422.1.1.png,0,1,1,1,1,10.25022027145761,61.588417053222656,49.433204650878906,0.2910049557685852,1.83359736638522e-06,5.933942444704883,0.5847708736724755,0.8441253751516342,193.41158294677737,170.64545440673828,0.5438775517448728,,,0.1207243935063119,0.13597716384862163,0.1616385276276084,0.11296166929947538,0.0,48.0,78.0,101.0,120.0
1.2.410.200028.100.3.20200911.1015480134.20307.1.4.png,1,1,1,1,1,89.64170644920273,77.32077026367188,53.44127655029297,0.2332575619220733,1.7263131667277776e-05,6.357902412585686,1.5498360935680373,0.8789505809545517,177.67922973632812,170.64545440673828,0.17541938632817206,,,0.102068526479786,0.11171494127817456,0.12253794376807768,0.09773662738995514,8.0,67.0,95.0,124.0,142.0
1.2.410.200028.100.3.20200911.1036430071.24405.1.3.png,1,1,1,1,1,33.545718026634724,100.3288116455078,67.09485626220703,0.2002266496419906,0.0086203934624791,6.855744388971287,3.4034690299387083,0.7549307495355606,154.6711883544922,170.64545440673828,-0.4268530191514345,,,0.0550671983594882,0.061142755838797615,0.06863541896903165,0.051771746604779095,50.0,95.0,131.0,160.0,181.0
1.2.410.200028.100.3.20200911.1317440914.23186.1.1.png,1,1,1,1,1,72.06665427842789,77.33187866210938,57.69300079345703,0.2694412767887115,3.2816300517879426e-05,6.211223157325761,0.9047202797202796,0.8785824403166771,177.66812133789062,170.64545440673828,0.17514785954564907,,,0.15951347421560377,0.16946977184914105,0.18186000539131997,0.15383559741543387,0.0,57.0,99.0,134.0,156.0
1.2.410.200028.100.3.20200914.1231480657.8656.1.1.png,1,1,1,1,1,29.95086690950214,90.10427856445312,60.846866607666016,0.2241712063550949,1.164026889455272e-05,6.494367713405182,1.266337602725375,0.8629726618528366,164.89572143554688,170.64545440673828,-0.14885337074086777,,,0.08556960855286959,0.09637396302479498,0.10754956210183543,0.07948650052334125,24.0,74.0,106.0,135.0,158.0
1.2.410.200028.100.3.20200918.1240400067.24866.1.4.png,1,1,0,1,1,53.03799402083397,72.714111328125,57.23282241821289,0.279049277305603,0.0022075111046433,6.22747022201198,2.1685633085996954,0.8376220166683197,182.285888671875,170.64545440673828,0.2865832565861257,,,0.21120331858456,0.219812887376421,0.23292448053139808,0.20714884320528215,0.0,38.0,88.0,116.0,141.0
1.2.410.200028.100.3.20200922.1202350180.31876.1.1.png,1,1,0,1,1,140.10664356627558,88.52896118164062,55.839988708496094,0.1307426244020462,0.0136150112375617,7.101984694432087,3.4517045454545454,0.8269916623830795,166.47103881835938,170.64545440673828,-0.10756034544127505,,,0.03482236154649948,0.04883533611981888,0.0768075873679322,0.0290389527458493,37.0,64.0,95.0,126.0,152.0
1.2.410.200028.100.3.20200928.1137570433.15990.1.1.png,1,1,1,1,1,37.10189821345669,79.74214172363281,51.86727142333984,0.1839772462844848,3.863341407850385e-05,6.7265452346702785,1.203144643492042,0.8796048536896706,175.2578582763672,170.64545440673828,0.11582775945211754,,,0.03473544845644314,0.05617471544255954,0.0816031319419997,0.024001628798686066,37.0,69.0,98.0,120.0,141.0
1.2.410.200028.100.3.20200928.1230260343.26273.1.1.png,1,0,1,1,1,11.87274449952942,91.89714050292967,67.35945892333984,0.286717802286148,5.701845566363772e-06,6.054983323832589,0.223316659755339,0.8978363275527954,163.1028594970703,170.64545440673828,-0.196331490873254,,,0.16899558632977,0.1714498299319728,0.1750783527696793,0.16800230806608357,0.0,84.0,126.0,153.0,169.0
1.2.410.200028.100.3.20200928.924110763.22548.1.1.png,1,1,0,1,1,69.17696341707713,85.40019989013672,45.439231872558594,0.0987279862165451,0.0054255970753729,6.97394166774838,2.967130453641245,0.8556850403547287,169.59980010986328,170.64545440673828,-0.026693881239234083,,,0.019910297313543258,0.028250748941990155,0.043654982928259756,0.017596912241764073,45.0,71.0,94.0,117.0,138.0
1.2.410.200028.100.3.20200930.1302300671.7024.1.2.png,1,1,1,1,1,26.5649172914679,94.02793884277344,61.9422607421875,0.2117003053426742,6.997718628554139e-06,6.646089882917778,0.4697316245075679,0.8373755812644958,160.97206115722656,170.64545440673828,-0.2534421919859391,,,0.07473477486232588,0.0870505344995141,0.10133280693229672,0.06703615970197603,30.0,76.0,114.0,146.0,167.0
1.2.410.200028.100.3.20201005.1041080215.13800.1.4.png,1,1,1,1,1,14.574109447075084,79.49208068847656,61.14071273803711,0.2599454820156097,1.8142234239348909e-06,6.4089257156640365,0.7864989373833714,0.8784000873565674,175.50791931152344,170.64545440673828,0.12201993400529222,,,0.1143456430191124,0.13462767249757046,0.16045412212504048,0.10496436669906058,0.0,54.0,93.0,128.0,158.0
1.2.410.200028.100.3.20201005.1050010380.15540.1.14.png,1,1,1,1,1,16.196565258944208,95.8514633178711,58.06102752685547,0.1481755971908569,2.450845568091609e-05,7.056192261590665,0.8361201739263503,0.8502323925495148,159.1485366821289,170.64545440673828,-0.3029207440388408,,,0.048972822960029784,0.060848467024483495,0.07435190923169749,0.043097204570625644,42.0,78.0,108.0,142.0,170.0
1.2.410.200028.100.3.20201006.1040280193.903.1.2.png,1,0,1,1,1,20.005140882897756,82.0228500366211,72.27455139160156,0.2893405556678772,0.028482986614108,6.434186458031334,2.875950741175304,0.7681709229946136,172.9771499633789,170.64545440673828,0.05894013045549214,,,0.15707580852918107,0.17100464334860394,0.19203352672882287,0.1501267303567947,0.0,51.0,97.0,135.0,167.0
1.2.410.200028.100.3.20201013.1343480699.12999.1.6.png,1,1,1,1,1,61.52137254519131,75.22358703613281,56.03865814208984,0.2769590318202972,4.472930959309451e-05,6.120509311716241,1.817110964307226,0.8678119480609894,179.7764129638672,170.64545440673828,0.2263798661725832,,,0.1470721500516182,0.15189627669245204,0.1613722058593361,0.14398011790763743,0.0,67.0,104.0,128.0,147.0
1.2.410.200028.100.3.20201014.1340490458.32416.1.1.png,1,0,1,1,1,55.842733494052425,65.97823333740234,53.31175231933594,0.30251544713974,1.7795806343201548e-05,5.879050913780953,1.7899614706679925,0.9130855351686478,189.02176666259768,170.64545440673828,0.44417093728853946,,,0.14965560287594995,0.1741717165296494,0.20135401658332627,0.13778930770969292,0.0,44.0,79.0,101.0,121.0
1.2.410.200028.100.3.20201014.906560772.11521.3.1.png,1,1,0,1,1,32.227833279622324,89.13182067871094,61.93474197387695,0.2308200299739837,0.0004833609564229,6.560345317298973,0.8154792141820444,0.8771308064460754,165.86817932128906,170.64545440673828,-0.12331646604496405,,,0.17123198088759314,0.18074303530936184,0.19866618075801748,0.16609248461289278,0.0,51.0,102.0,134.0,162.0
1.2.410.200028.100.3.20201015.1304420308.12574.1.1.png,1,1,1,1,1,15.529947658653755,75.41485595703125,60.24887466430664,0.2865722775459289,0.000321635918226,6.260213065484253,0.7890103410740203,0.8500965237617493,179.58514404296875,170.64545440673828,0.22175683161977328,,,0.1174202299967606,0.13404437965662455,0.1549898769031422,0.10718274214447684,0.0,58.0,99.0,135.0,156.0
1.2.410.200028.100.3.20201016.1001140798.29397.1.1.png,1,0,0,1,0,67.28692082172614,118.1119155883789,61.61491012573242,0.1153939440846443,0.003427845891565,7.257170887681947,7.704391716773792,0.8478773981332779,136.8880844116211,170.64545440673828,-0.9572907809358256,,,0.024756033365727244,0.03590763686426952,0.04718598153547133,0.017987730806608357,65.0,102.0,135.0,172.0,194.0
1.2.410.200028.100.3.20201016.1252200208.30153.1.1.png,1,1,1,1,1,13.207421477133297,90.9216766357422,52.90431213378906,0.1437459141016006,1.368941411783453e-05,6.958682823055955,0.4490090368188087,0.8277074992656708,164.0783233642578,170.64545440673828,-0.17043514644795987,,,0.025117757488341802,0.03411728610573312,0.04640779415273972,0.01843893596837387,51.0,80.0,106.0,134.0,158.0
1.2.410.200028.100.3.20201019.1217290743.17795.1.3.png,1,1,1,1,1,26.21785362322204,120.73177337646484,43.92500305175781,0.0331510156393051,0.0001082561357179,7.272956073971093,0.8618093631851493,0.8765727505087852,134.26822662353516,170.64545440673828,-1.0412147126885927,,,0.0003362717005344474,0.0006556277387696773,0.0012549671529919577,0.00014582467499325562,87.0,105.0,126.0,152.0,172.0
1.2.410.200028.100.3.20201019.1231410825.20577.1.2.png,1,1,1,1,1,38.5395927830996,106.4462432861328,54.78874206542969,0.1214862763881683,0.0001159436869784,7.021418748399688,0.9467821782178216,0.7954236716032028,148.5537567138672,170.64545440673828,-0.6021108521572637,,,0.021810684760250096,0.02781298353519418,0.03268939435478944,0.017180757760193177,72.0,100.0,126.0,154.0,172.0
1.2.410.200028.100.3.20201019.1319480366.30005.1.5.png,1,0,0,1,0,58.39897567551066,115.90045166015624,64.83670043945312,0.125736653804779,0.0058978134766221,7.330991101004224,2.0198605851490847,0.8221452385187149,139.09954833984375,170.64545440673828,-0.8876900435801893,,,0.07523244477913835,0.08115829617214323,0.0872552798468366,0.05962533914496449,50.0,113.0,143.0,165.0,183.0
1.2.410.200028.100.3.20201021.1335110102.7487.1.1.png,1,0,0,0,0,43.00962559109277,70.27532958984375,69.4498291015625,0.4209422171115875,0.0001520559744676,5.415173296456698,1.8692672626655824,0.905846893787384,184.72467041015625,170.64545440673828,0.3443017616774737,,,0.2662300669230644,0.2812421738041573,0.29510141330898476,0.2541387938807928,0.0,1.0,100.0,143.0,169.0
1.2.410.200028.100.3.20201021.849570540.17136.1.1.png,1,1,1,1,1,90.88984164998328,81.64262390136719,54.706180572509766,0.1848230361938476,0.0113155152648687,6.694784483690249,3.538606285246498,0.8226796388626099,173.3573760986328,170.64545440673828,0.06847600784185513,,,0.07800091316312302,0.08601354936633883,0.09288399126325012,0.07426977800264077,36.0,71.0,95.0,118.0,139.0
1.2.410.200028.100.3.20201021.936440596.26302.1.1.png,1,1,1,1,1,20.011414687534497,75.28510284423828,57.31913375854492,0.2739554047584533,5.1446193538140506e-05,6.231511594618292,1.276784418411777,0.8774917796254158,179.71489715576172,170.64545440673828,0.22489354505612025,,,0.1332197521865889,0.15215075315840623,0.17497327502429544,0.1221622934888241,0.0,55.0,98.0,123.0,146.0
1.2.410.200028.100.3.20201022.1123120190.1629.1.3.png,1,1,0,1,1,105.40561037638284,99.50999450683594,52.86363220214844,0.1127547770738601,0.0006660528015345,7.107776836771452,0.8120924608698964,0.8342830538749695,155.49000549316406,170.64545440673828,-0.4039224528393825,,,0.01582528835376216,0.024724301261886683,0.04020000103306319,0.011958946068936306,52.0,81.0,109.0,138.0,159.0
1.2.410.200028.100.3.20201023.934330602.343.1.1.png,1,0,0,1,1,28.855102912207567,139.2399444580078,40.8103141784668,0.0014985423767939,0.0005337338661774,7.3003651461930525,0.6174506921089766,0.8535512387752533,115.7600555419922,170.64545440673828,-1.6853599769920953,,,0.0,0.0,4.223309970080795e-05,0.0,97.0,118.0,146.0,181.0,198.0
1.2.410.200028.100.3.20201026.927350470.26216.1.1.png,1,0,1,1,1,251.62682177478504,87.3352279663086,62.10680389404297,0.257597953081131,0.0004591212782543,6.339252042816295,2.6484929785366633,0.8140420615673065,167.6647720336914,170.64545440673828,-0.07652901404105113,,,0.1026481703210357,0.10853922938129329,0.11599139830543707,0.09974109689274697,4.0,84.0,116.0,139.0,164.0
1.2.410.200028.100.3.20201030.1028020042.19764.1.1.png,1,1,1,0,1,103.9210895660796,111.74188232421876,58.12876892089844,0.0993600338697433,0.0006276462227106,7.338812808639569,0.8555581345093363,0.7980648875236511,143.25811767578125,170.64545440673828,-0.7597548369022309,,,0.0016105878645705683,0.002759257128852031,0.004884032671925252,0.0010773932485357155,78.0,102.0,128.0,157.0,177.0
1.2.410.200028.100.3.20201103.1243130888.6944.1.5.png,1,1,1,0,0,606.7779302342632,80.40669250488281,45.05732345581055,0.1332394182682037,1.2782721569237763e-05,6.783035975439679,4.435655613020992,0.8921971693634987,174.5933074951172,170.64545440673828,0.09932868140978983,,,0.003295184530333699,0.00885149568375829,0.01969310281375757,0.0016700935252374133,54.0,73.0,92.0,111.0,130.0
1.2.410.200028.100.3.20201104.1115160684.9713.1.1.png,1,0,1,1,1,317.5683432966187,110.75301361083984,50.00254440307617,0.008141272701323,0.0005296131712384,7.407174132914595,1.4631819666499837,0.814667358994484,144.24698638916016,170.64545440673828,-0.7298797555212364,,,0.0024603363163591247,0.026587867268551515,0.03151315963147752,0.0,68.0,97.0,125.0,150.0,167.0
1.2.410.200028.100.3.20201104.1218550477.22184.1.1.png,1,1,1,1,1,187.03772657708367,110.30101776123048,55.09708023071289,0.1099737659096717,0.0089359451085329,7.023176937510728,0.6202749994676056,0.8518048077821732,144.69898223876953,170.64545440673828,-0.7162924772922791,,,0.00043895701963893703,0.000675069690202618,0.0029239158108159934,0.0003821236370962115,68.0,96.0,125.0,152.0,167.0
1.2.410.200028.100.3.20201105.1109550000.28667.1.3.png,1,1,1,1,1,108.65658468041546,88.20304107666016,61.85203170776367,0.2348382920026779,0.0020912520121783,6.5420067637527035,0.9838354714247908,0.9020747020840644,166.79695892333984,170.64545440673828,-0.09906595958858627,,,0.10949632080655565,0.11889886996201353,0.13263270523107587,0.10294595715343738,1.0,68.0,107.0,139.0,164.0
1.2.410.200028.100.3.20201105.1317030768.20809.1.1.png,1,0,1,1,1,186.699006430724,63.15235900878906,49.859859466552734,0.2706013321876526,0.0001769554219208,6.151624455740026,1.283616495567808,0.8479116708040237,191.84764099121097,170.64545440673828,0.5086173918266361,,,0.09937086284196278,0.1256020232465649,0.1623569610861772,0.0849211247759193,11.0,48.0,78.0,102.0,122.0
1.2.410.200028.100.3.20201105.828260483.29795.1.1.png,1,1,1,1,1,228.77616433995988,89.69766235351562,42.88872146606445,0.11470228433609,0.0005226446664892,6.659070121716959,1.611361102844889,0.8765980526804924,165.30233764648438,170.64545440673828,-0.13815728933954835,,,0.027222974497856014,0.02978372785222468,0.03353037987080731,0.025918379513121533,61.0,84.0,103.0,118.0,134.0
1.2.410.200028.100.3.20201106.1219100843.29470.1.1.png,1,0,1,1,1,122.26471141850864,120.86882781982422,61.254905700683594,0.1044543087482452,0.0012378187384456,7.290016762269699,1.3475993935309971,0.8518114238977432,134.13117218017578,170.64545440673828,-1.045650042567127,,,0.005834548104956268,0.009284297052154195,0.014707037576935537,0.0038700599287333983,79.0,113.0,142.0,170.0,191.0
1.2.410.200028.100.3.20201110.1132240346.2010.1.2.png,1,0,1,1,1,338.744815131969,70.84856414794922,47.964080810546875,0.2088149338960647,0.0040079820901155,6.408652601320709,2.4759294963343805,0.8866142928600311,184.1514358520508,170.64545440673828,0.3308038526724702,,,0.0630639843323913,0.07691506767811988,0.10058815508949377,0.056311666418761466,30.0,63.0,88.0,106.0,121.0
1.2.410.200028.100.3.20201110.1345390156.28119.1.1.png,1,0,1,1,1,204.74638989873725,90.09832763671876,76.0406265258789,0.2143072187900543,0.0550251007080078,6.7954945249885155,3.527396082916168,0.6803828179836273,164.90167236328125,170.64545440673828,-0.14869664087422135,,,0.056870435636446524,0.07758322155300142,0.10036997098094913,0.044641996089880155,30.0,65.0,96.0,128.0,197.0
1.2.410.200028.100.3.20201111.1241590248.2878.1.1.png,1,1,1,1,1,9.3341656268479,74.24964904785156,59.113914489746094,0.3164951503276825,5.145100294612348e-05,5.890317590646684,0.9633494267856888,0.8515991419553757,180.75035095214844,170.64545440673828,0.2498442502508953,,,0.15473072026318113,0.1648265323191443,0.17640053110174572,0.15014340444118152,0.0,65.0,105.0,129.0,147.0
1.2.410.200028.100.3.20201112.1441530007.13605.1.1.png,1,1,1,1,1,333.7462963329394,101.37053680419922,66.35275268554688,0.1900303214788437,0.0196670107543468,6.8457378592816776,2.4249761840012303,0.8299268484115601,153.62946319580078,170.64545440673828,-0.4562021111874262,,,0.07468954926360187,0.07906345044124001,0.08870314364789775,0.07238859919665659,38.0,84.0,120.0,150.0,168.0
1.2.410.200028.100.3.20201113.836030285.27464.1.1.png,1,1,1,1,1,266.47869769321625,88.19168853759766,42.90245056152344,0.0799311175942421,0.0006029295618645,7.1484912286098155,2.2394697096828327,0.8669882863759995,166.80831146240234,170.64545440673828,-0.09877038002135471,,,0.0004266807729160013,0.0006574876237623763,0.001759746287128713,0.0002488971175343341,67.0,84.0,105.0,123.0,140.0
1.2.410.200028.100.3.20201117.1112290344.7050.1.5.jpg,1,0,1,1,1,335.0135614725206,61.840354919433594,47.07447814941406,0.2512184083461761,0.0017288564704358,6.231122274143769,4.558951882210079,0.8761035650968552,193.1596450805664,170.64545440673828,0.538216745526706,,,0.09517677896568943,0.11857232796903149,0.15763699432449385,0.0874584859077351,13.0,51.0,75.0,99.0,120.0
1.2.410.200028.100.3.20201117.1337310842.2700.1.1.jpg,1,0,1,0,0,322.02487331992705,61.60435485839844,46.38258743286133,0.2511222064495086,0.0001079337671399,6.290615832019085,1.856730622714344,0.8527486026287079,193.39564514160156,170.64545440673828,0.5435196628357315,,,0.12139026240528665,0.14594479222421963,0.17764289419323134,0.11163827300110277,0.0,47.0,79.0,103.0,125.0
1.2.410.200028.100.3.20201117.1402380456.7621.2.1.jpg,1,1,1,0,1,312.68266639454214,71.13594818115234,48.3268928527832,0.1906990557909011,3.448275674600154e-05,6.702609855758169,2.715336990595611,0.8181592673063278,183.86405181884768,170.64545440673828,0.32402102263631993,,,0.07321825008161932,0.1014854717597127,0.1371318968331701,0.06029382957884427,20.0,55.0,83.0,108.0,129.0
1.2.410.200028.100.3.20201117.820350827.6137.1.1.png,1,1,1,1,1,32.26446999450725,61.236602783203125,49.14468002319336,0.2730314135551452,0.0026295874267816,6.147607819632671,1.5581607661206718,0.8835630640387535,193.76339721679688,170.64545440673828,0.5517701608236913,,,0.1951530612244898,0.21000485908649175,0.23393302559118886,0.18653425655976677,0.0,35.0,74.0,99.0,121.0
1.2.410.200028.100.3.20201118.1229530008.9450.1.2.png,1,1,1,1,1,427.49709741482167,67.07210540771484,55.95543670654297,0.2937796115875244,5.294850416248664e-05,6.2228686223244445,2.963527823920266,0.9016856104135512,187.92789459228516,170.64545440673828,0.4189652408048755,,,0.13541342286233293,0.1597979109900091,0.19223757622940185,0.12048381341637472,0.0,44.0,82.0,110.0,134.0
1.2.410.200028.100.3.20201118.1241450784.11775.2.1.png,0,0,0,1,0,393.4559358397238,64.52726745605469,50.924781799316406,0.291329026222229,0.0003887023194693,5.947856265604252,1.9937096860173784,0.85369673371315,190.4727325439453,170.64545440673828,0.4773808809186448,,,0.15193982271675072,0.16599392841787078,0.1894203332855598,0.14712077584222572,0.0,49.0,80.0,101.0,120.0
1.2.410.200028.100.3.20201119.1248190566.296.1.7.jpg,1,1,1,1,1,175.6692470224587,71.1922607421875,59.11882400512695,0.3298094272613525,0.0001429372059646,5.894437732113644,1.246672441907868,0.8207530677318573,183.8077392578125,170.64545440673828,0.32269069296163755,,,0.16921943683506402,0.17757891635344333,0.1876755908772377,0.16365268841179842,0.0,59.0,97.0,129.0,149.0
1.2.410.200028.100.3.20201119.1248190566.296.1.7A.jpg,1,1,1,1,1,175.49192709111472,71.19154357910156,59.11931228637695,0.3298285007476806,0.0001475234457757,5.89362160772567,1.2313391765185486,0.8207564055919647,183.80845642089844,170.64545440673828,0.322707637806533,,,0.169218640504555,0.17757812002293433,0.18767160922469261,0.16365428107281646,0.0,59.0,97.0,129.0,149.0
1.2.410.200028.100.3.20201119.945240317.29992.1.7.jpg,1,1,1,1,1,366.8121456672584,91.66024780273438,57.939476013183594,0.1360359340906143,0.0006220412906259,7.248356670832096,5.6532379974310505,0.8548958748579025,163.33975219726562,170.64545440673828,-0.19002831801089717,,,0.02439492097011507,0.044059372929753975,0.07545234197475478,0.015121797049503614,38.0,69.0,101.0,136.0,163.0
1.2.410.200028.100.3.20201123.1505090900.8810.1.3.jpg,1,0,1,1,1,168.38362012564036,76.24147033691406,64.82376861572266,0.3390580117702484,0.00269451062195,5.888931714513198,1.0150036284470247,0.8609812557697296,178.75852966308594,170.64545440673828,0.20172049628339983,,,0.21460195983155167,0.22590561224489797,0.23684321347586654,0.20435839812115322,0.0,39.0,105.0,138.0,156.0
1.2.410.200028.100.3.20201124.1129090300.19258.1.1.jpg,1,1,1,1,1,165.7586926067891,87.79254150390625,57.714599609375,0.179135262966156,0.0002208169171353,6.918898165856547,1.7096711071946922,0.7994169294834137,167.20745849609375,170.64545440673828,-0.08839078406779391,,,0.07008726109491416,0.08948615160349854,0.11491921768707483,0.05810880304502754,25.0,64.0,103.0,137.0,162.0
1.2.410.200028.100.3.20201201.1354210777.23882.1.3.jpg,1,1,1,1,1,157.1036954445461,83.25010681152344,61.228328704833984,0.2602783441543579,0.0001513580791652,6.3532612435401985,0.7210041727140784,0.8822110444307327,171.74989318847656,170.64545440673828,0.028017514573397073,,,0.13134252510528022,0.14323028020732104,0.158582361516035,0.12446124878522838,0.0,63.0,107.0,138.0,159.0
1.2.410.200028.100.3.20201201.1354480954.23971.1.4.jpg,1,1,1,1,1,156.45249213122418,83.43867492675781,61.75740432739258,0.2685501873493194,0.0001294578105444,6.2990941999262136,0.8589331069873523,0.8758738040924072,171.5613250732422,170.64545440673828,0.023246677164739937,,,0.15284742468415938,0.16194302721088435,0.17225380628441853,0.14613925332037578,0.0,63.0,108.0,136.0,157.0
1.2.410.200028.100.3.20191113.1128120913.14941.1.1.png,1,1,1,1,1,10.463388008632895,88.19621276855469,57.082557678222656,0.1949648410081863,9.491268428973854e-05,6.68379382440656,2.443358020946816,0.8267468065023422,166.8037872314453,170.64545440673828,-0.09888817242440648,,,0.07621740610278997,0.0883605523969492,0.1040624175523184,0.07177897677266291,28.0,76.0,110.0,139.0,156.0
